{"cameraMode":{"drawMode":0,"name":"Shaded","section":"Shading Mode"},"sceneLighting":false,"audioPlay":false,"sceneViewState":{"showFog":true,"showMaterialUpdate":false,"showSkybox":false,"showFlares":true,"showImageEffects":true,"showParticleSystems":true},"in2DMode":false,"pivot":{"x":-0.6791191101074219,"y":1.1255087852478028,"z":1.1894755363464356},"rotation":{"x":0.004130896180868149,"y":-0.6877529621124268,"z":-0.003913882654160261,"w":-0.7259225249290466},"size":38.484352111816409,"orthographic":false}