{"cameraMode":{"drawMode":0,"name":"Shaded","section":"Shading Mode"},"sceneLighting":false,"audioPlay":false,"sceneViewState":{"showFog":true,"showMaterialUpdate":false,"showSkybox":false,"showFlares":true,"showImageEffects":true,"showParticleSystems":true},"in2DMode":false,"pivot":{"x":-3.485038995742798,"y":0.21707487106323243,"z":8.22175407409668},"rotation":{"x":-0.09186893701553345,"y":-0.6875354647636414,"z":0.0883549153804779,"w":-0.714876651763916},"size":36.932003021240237,"orthographic":false}