{"cameraMode":{"drawMode":0,"name":"Shaded","section":"Shading Mode"},"sceneLighting":true,"audioPlay":false,"sceneViewState":{"showFog":true,"showMaterialUpdate":false,"showSkybox":true,"showFlares":true,"showImageEffects":true,"showParticleSystems":true},"in2DMode":false,"pivot":{"x":-14.254035949707032,"y":13.247013092041016,"z":3.76316237449646},"rotation":{"x":0.04646127671003342,"y":0.7114629745483398,"z":-0.04724953696131706,"w":0.6995922923088074},"size":75.8077163696289,"orthographic":false}