{"cameraMode":{"drawMode":0,"name":"Shaded","section":"Shading Mode"},"sceneLighting":true,"audioPlay":false,"sceneViewState":{"showFog":true,"showMaterialUpdate":false,"showSkybox":true,"showFlares":true,"showImageEffects":true,"showParticleSystems":true},"in2DMode":false,"pivot":{"x":39.62578582763672,"y":-17.193790435791017,"z":-26.25830078125},"rotation":{"x":-0.09665162116289139,"y":-0.7787243723869324,"z":0.1239209696650505,"w":-0.6073635220527649},"size":274.7191162109375,"orthographic":false}