{"cameraMode":{"drawMode":0,"name":"Shaded","section":"Shading Mode"},"sceneLighting":false,"audioPlay":false,"sceneViewState":{"showFog":true,"showMaterialUpdate":false,"showSkybox":false,"showFlares":true,"showImageEffects":true,"showParticleSystems":true},"in2DMode":false,"pivot":{"x":-0.1645364761352539,"y":0.8604679107666016,"z":-3.275392532348633},"rotation":{"x":-0.2137448936700821,"y":0.3797600567340851,"z":-0.09064647555351258,"w":-0.895476758480072},"size":21.977807998657228,"orthographic":false}