{"cameraMode":{"drawMode":0,"name":"Shaded","section":"Shading Mode"},"sceneLighting":false,"audioPlay":false,"sceneViewState":{"showFog":true,"showMaterialUpdate":false,"showSkybox":false,"showFlares":true,"showImageEffects":true,"showParticleSystems":true},"in2DMode":false,"pivot":{"x":4.626434803009033,"y":1.816405177116394,"z":-3.185724973678589},"rotation":{"x":-0.06723306328058243,"y":0.7313317060470581,"z":-0.07286808639764786,"w":-0.6747769117355347},"size":10.050111770629883,"orthographic":false}