{"cameraMode":{"drawMode":0,"name":"Shaded","section":"Shading Mode"},"sceneLighting":true,"audioPlay":false,"sceneViewState":{"showFog":true,"showMaterialUpdate":false,"showSkybox":true,"showFlares":true,"showImageEffects":true,"showParticleSystems":true},"in2DMode":false,"pivot":{"x":270.8116760253906,"y":-148.82888793945313,"z":-51.928131103515628},"rotation":{"x":0.16076679527759553,"y":0.716188371181488,"z":-0.17549850046634675,"w":0.6560705304145813},"size":757.05615234375,"orthographic":false}